Date,03/09/2021 11:50:32,03/08/2021 14:55:09,03/06/2021 11:06:38,03/05/2021 11:07:27,03/04/2021 11:05:38,03/01/2021 11:05:39,02/28/2021 11:04:39,02/27/2021 11:06:00,02/26/2021 11:05:07,02/26/2021 10:40:57,02/09/2021 22:34:12,02/08/2021 22:49:42,Unnamed: 1
eyes,15.0,7.0,6.0,,1.0,,,,,,1.0,,
gme,6.0,8.0,2.0,3.0,3.0,4.0,,1.0,3.0,3.0,2.0,,
fast,4.0,4.0,1.0,2.0,2.0,,,2.0,3.0,3.0,,,
anpc,4.0,,,,,,,,,,,,
dd,4.0,2.0,1.0,,,,,1.0,5.0,5.0,4.0,,
uk,3.0,6.0,1.0,1.0,,,,,1.0,1.0,1.0,,
info,3.0,2.0,2.0,,1.0,3.0,1.0,1.0,,,1.0,,
nvta,3.0,,,,,,,,,,,,
turn,3.0,2.0,4.0,2.0,2.0,1.0,,1.0,2.0,,,1.0,
ame,3.0,,,,,,,,,,,,
gold,2.0,2.0,,1.0,1.0,,,1.0,,,,,
shop,2.0,,,,,1.0,,,,,,,
irs,2.0,,,,1.0,,,,,,,,
onto,2.0,,1.0,,,,,,,,,,
glsi,2.0,,,,,,,,,,,,
tlry,2.0,,,,1.0,1.0,,,,,2.0,,
acad,2.0,,,,,,,,,,,,
sfix,2.0,,,,,1.0,,,,,,,
gtbp,2.0,,,,,,,,,,,,
ride,2.0,1.0,2.0,1.0,,3.0,,,1.0,1.0,2.0,,
nio,2.0,2.0,,,,1.0,,1.0,1.0,1.0,1.0,,
rsi,2.0,3.0,2.0,2.0,3.0,,,6.0,,,5.0,,
peak,2.0,,,,2.0,,,,,,,,
six,2.0,,,,,,,,,,,,
box,2.0,2.0,1.0,,1.0,,,,,,,,
step,1.0,1.0,,,,,,,,,,,
boom,1.0,,,,,,,,,,1.0,,
cry,1.0,,,,,,,,,,,,
es,1.0,,3.0,2.0,,,,1.0,3.0,3.0,,,
ups,1.0,1.0,,1.0,1.0,,,,1.0,1.0,,,
cuk,1.0,,,,,1.0,,,,,,,
dkng,1.0,,,1.0,1.0,2.0,,,,,,,
dq,1.0,,,,,,,,,,1.0,1.0,
ears,1.0,,,,,,,,,,,,
fsr,1.0,1.0,,,,1.0,,1.0,,,,,
gbtc,1.0,,,,,,,,,,,,
ncty,1.0,,,,,,,,2.0,2.0,1.0,1.0,
plce,1.0,,,,,,,,,,,,
qs,1.0,,,2.0,,,,,,,,,
sava,1.0,,,1.0,,,,,,,,,
stpk,1.0,,,,,,,,,,,,
ual,1.0,,,,,,,,,,,,
wbai,1.0,,,,,1.0,,,,,,,
dash,1.0,,,1.0,,,,,2.0,2.0,,,
vale,1.0,,,1.0,,,,,,,,,
ctrm,1.0,2.0,,,,,,,,,,,
atif,1.0,,,,,,,,,,1.0,1.0,
ogen,1.0,,,,,,,,,,,,
nxtd,1.0,,,,,,,,,,,,
xela,1.0,,,,,,,,,,,,
opgn,1.0,,,,,,,,,,,,
ante,1.0,,,,,,,,,,,,
invo,1.0,,,,,,,,,,,,
pm,1.0,,2.0,,2.0,1.0,,,,,3.0,,
mara,1.0,1.0,,1.0,4.0,2.0,,,2.0,2.0,2.0,,
tsla,1.0,2.0,2.0,1.0,,,,,1.0,1.0,1.0,,
amd,1.0,,,,,,1.0,,,,,,
spce,1.0,,,2.0,,,,,2.0,2.0,,,
dks,1.0,,,,,,,,,,,,
gig,1.0,,1.0,,,,,,,,,,
l,1.0,,1.0,,,,,,,,1.0,,
tigr,1.0,1.0,,2.0,,,,,1.0,1.0,2.0,1.0,
ceo,1.0,,,1.0,,,,,,,,,
m,1.0,,,,,,,,1.0,1.0,,,
kb,1.0,,,,,,,,,,,,
bio,1.0,,,,,,,,,,2.0,,
blu,1.0,,,,,,,,,,,,
wow,1.0,,,,,,,,,,,,
nyt,1.0,,,,,,,,,,,,
ap,1.0,,,,,,,,,,1.0,,
ect,1.0,,,,,,,,,,,,
wish,1.0,1.0,1.0,,,3.0,1.0,,,,,,
wmt,1.0,,,,,,,,,,,,
sndr,1.0,,,,,,,,,,,,
trip,1.0,,,,,1.0,,,,,,,
td,1.0,1.0,,1.0,,1.0,,2.0,,,2.0,,
ath,1.0,1.0,,,,,,1.0,,,3.0,,
glad,1.0,,,,,,,,,,,,
kids,1.0,1.0,,,,,,,,,1.0,,
form,1.0,1.0,,,1.0,,,,1.0,1.0,3.0,1.0,
z,,6.0,,1.0,1.0,,,1.0,,,,,
crsr,,5.0,,,,1.0,,,,,1.0,,
ancn,,3.0,,,,,,,,,,,
site,,3.0,,,,,,,4.0,4.0,,,
xspa,,2.0,,,,,,,,,,,
net,,2.0,,,2.0,1.0,,,,,1.0,,
mlm,,2.0,,,,,,,,,,,
aer,,2.0,,,,,,,,,,,
xpev,,2.0,,,,,,,2.0,2.0,1.0,,
baba,,2.0,,,,,,,,,1.0,1.0,
bidu,,2.0,,,,,,1.0,1.0,1.0,,,
bili,,2.0,,1.0,1.0,,,,,,,,
jd,,2.0,,,,,,,,,1.0,,
nvda,,2.0,,,,,,,,,,,
laz,,2.0,,,,,,,,,,,
live,,2.0,3.0,,3.0,5.0,,2.0,,,1.0,,
ai,,1.0,,1.0,1.0,,,,,,,,
pro,,1.0,,,1.0,,1.0,1.0,1.0,1.0,,,
kmph,,1.0,,,1.0,,,,,,,,
dare,,1.0,,,,,,,,,,,
dow,,1.0,,,1.0,1.0,,,,,,,
edit,,1.0,,,,,,,,,,,
cpe,,1.0,,2.0,,,,,,,,,
dis,,1.0,,,,,,,,,,,
feye,,1.0,,,,,,,,,,,
grwg,,1.0,,1.0,,1.0,,,,,,,
mur,,1.0,,,,,,,,,,,
nvax,,1.0,,,,,,,,,,,
xm,,1.0,,,,,,,,,,,
abcm,,1.0,,,,,,,,,,,
kc,,1.0,,,,,,,,,,,
msft,,1.0,,,,,,,,,,,
niu,,1.0,,,,,,,,,,,
pins,,1.0,,,,,,,,,,,
sklz,,1.0,,,,,,,,,,,
tcom,,1.0,,1.0,1.0,,,,,,,,
tsm,,1.0,,1.0,1.0,,,,,,,,
nete,,1.0,,,,,,,,,,,
imvt,,1.0,,,,,,,,,,,
cue,,1.0,,,,,,,,,,,
dmyi,,1.0,,,,,,,,,,,
imo,,1.0,,,,,,,,,,,
slqt,,1.0,,3.0,,,,,,,,,
pe,,1.0,,,,,,,,,,,
self,,1.0,,1.0,,1.0,,,,,1.0,,
bngo,,1.0,,,,,,,,,,,
gevo,,1.0,,,,,,,,,,,
ocgn,,1.0,,,3.0,,,,,,4.0,1.0,
idex,,1.0,,,,,,,,,,,
sens,,1.0,,,,,,,,,,,
rock,,1.0,,,,,,,,,,,
u,,1.0,,,,,,,,,,,
teo,,1.0,,,,,,,,,,,
j,,1.0,,,,,,,,,,,
pros,,1.0,,,,,1.0,,,,,,
wrap,,1.0,,,,,,,,,1.0,1.0,
mini,,,3.0,,1.0,,,,,,,,
rkt,,,2.0,2.0,2.0,,,,2.0,2.0,,,
ppl,,,2.0,,,1.0,,1.0,,,,,
tap,,,1.0,,,,,,,,,,
obln,,,1.0,,,,,,,,,,
ps,,,1.0,,,,1.0,,,,,,
id,,,1.0,,,,,,,,,,
skt,,,1.0,2.0,3.0,,,,,,,,
pltr,,,1.0,1.0,4.0,1.0,,1.0,,,,,
xom,,,1.0,,,,,,,,,,
rh,,,1.0,,,,,1.0,2.0,2.0,,,
wd,,,1.0,,,,,,,,,,
door,,,1.0,,,,,,,,1.0,,
bc,,,1.0,,,,,,,,,,
amc,,,1.0,1.0,,,,,,,,,
spot,,,1.0,,1.0,1.0,,1.0,,,,,
ibkr,,,1.0,,,,,,,,,,
rst,,,1.0,,,,,,,,,,
pool,,,1.0,,,,,,,,,,
land,,,1.0,,,,,,,,,,
f,,,1.0,,,,,,,,,,
team,,,1.0,,,1.0,,1.0,,,,,
eth,,,1.0,,,,,,,,,,
gwac,,,,2.0,,,,,,,,,
et,,,,2.0,,,,,,,2.0,,
plus,,,,2.0,1.0,,1.0,1.0,,,1.0,,
ma,,,,2.0,1.0,,,,,,,,
pack,,,,2.0,,,,,,,,,
nclh,,,,2.0,1.0,,,,,,,,
flgt,,,,2.0,,,,,,,,,
kr,,,,2.0,1.0,,,,,,,,
clgx,,,,1.0,,,,,,,,,
mgni,,,,1.0,,1.0,,,,,1.0,,
clps,,,,1.0,,,,,,,,,
slgg,,,,1.0,5.0,,,,,,,,
afrm,,,,1.0,1.0,,,,1.0,1.0,,,
gte,,,,1.0,,,,,,,1.0,,
prpl,,,,1.0,1.0,,,,,,,,
okta,,,,1.0,2.0,,,,,,,,
dmtk,,,,1.0,,,,,,,,,
ssl,,,,1.0,,,,,,,,,
ge,,,,1.0,1.0,,,,,,,,
roku,,,,1.0,1.0,,,,,,,,
unfi,,,,1.0,1.0,,,,,,,,
aeo,,,,1.0,1.0,,,,,,,,
fold,,,,1.0,,,,,,,,,
yext,,,,1.0,1.0,,,,,,,,
aqms,,,,1.0,,,,,,,,,
csiq,,,,1.0,1.0,,,,,,,,
clne,,,,1.0,2.0,,,,,,,,
ba,,,,1.0,,,,,,,,,
burl,,,,1.0,1.0,,,,,,,,
xtlb,,,,1.0,,,,,,,,,
vrm,,,,1.0,1.0,,,,,,,,
ontx,,,,1.0,,,,,,,,,
mac,,,,1.0,2.0,4.0,,6.0,,,,,
wtrh,,,,1.0,,,,,,,,,
pdd,,,,1.0,1.0,,,,1.0,1.0,1.0,,
aese,,,,1.0,5.0,,,,,,,,
co,,,,1.0,,,,,,,,,
blcm,,,,1.0,1.0,,,,,,,,
pt,,,,1.0,,,,,,,,,
fly,,,,1.0,1.0,,,,,,,,
amrc,,,,1.0,,,,,,,,,
pacb,,,,1.0,1.0,,,,,,,,
upwk,,,,1.0,,1.0,,,,,,,
sdgr,,,,1.0,2.0,,,,,,,,
bzun,,,,1.0,1.0,,,,,,,,
mrvl,,,,1.0,2.0,,,,,,,,
jmia,,,,1.0,1.0,,,,1.0,1.0,,,
snow,,,,1.0,,,,1.0,,,,,
pac,,,,1.0,,,,,,,,,
pure,,,,1.0,,,,,,,,,
cciv,,,,1.0,,1.0,,,1.0,1.0,,,
svbi,,,,1.0,2.0,,,,,,,,
gsx,,,,1.0,,,,,,,1.0,1.0,
si,,,,1.0,,,,,1.0,1.0,,,
sm,,,,1.0,,,,,,,,,
se,,,,1.0,1.0,,,,,,,,
ta,,,,,3.0,,1.0,1.0,,,,,
wash,,,,,3.0,,,,,,,,
tv,,,,,1.0,3.0,,,,,,,
fvrr,,,,,1.0,,,,,,,,
fubo,,,,,1.0,,,,1.0,1.0,,,
momo,,,,,1.0,,,,,,,,
uwmc,,,,,1.0,,,,,,,,
nov,,,,,1.0,,,,,,,,
h,,,,,1.0,,,,,,,,
lghl,,,,,1.0,,,,,,1.0,,
itrm,,,,,1.0,,,,,,3.0,,
blnk,,,,,1.0,,,,,,,,
splk,,,,,1.0,,,,,,,,
w,,,,,1.0,,,,,,1.0,,
apr,,,,,1.0,,,,,,,,
sos,,,,,1.0,,,,,,,,
reto,,,,,1.0,,,,,,,,
pace,,,,,1.0,,,,1.0,,1.0,,
trin,,,,,1.0,,,,,,,,
bhp,,,,,1.0,,,,,,,,
atvi,,,,,1.0,,,,,,,,
sngx,,,,,1.0,,,,,,,,
mar,,,,,1.0,,,,,,,,
hsto,,,,,1.0,,,,,,,,
lpcn,,,,,1.0,,,,,,,,
tho,,,,,1.0,1.0,,,,,1.0,,
ego,,,,,1.0,,,,,,,,
cool,,,,,,2.0,,,,,,,
prgo,,,,,,2.0,,,,,,,
nvt,,,,,,2.0,,,,,,,
nrg,,,,,,2.0,,,,,,,
mu,,,,,,2.0,,,,,,,
wynn,,,,,,1.0,,,,,,,
spr,,,,,,1.0,,,,,,,
vacq,,,,,,1.0,,,,,,,
ea,,,,,,1.0,,,,,1.0,,
tif,,,,,,1.0,,,,,,,
apha,,,,,,1.0,,,,,1.0,,
rcl,,,,,,1.0,,,,,,,
tota,,,,,,1.0,,,,,,,
otrk,,,,,,1.0,,,,,,,
luv,,,,,,1.0,,,,,,,
rose,,,,,,1.0,,,,,,,
xray,,,,,,1.0,,,,,,,
rick,,,,,,1.0,,,,,,,
snap,,,,,,1.0,,,,,,,
nsh,,,,,,1.0,,,,,,,
farm,,,,,,1.0,,,,,,,
abnb,,,,,,1.0,,,,,,,
dal,,,,,,1.0,,,,,,,
pubm,,,,,,1.0,,,,,,,
vuzi,,,,,,1.0,,,,,,,
amat,,,,,,1.0,,,,,1.0,,
comm,,,,,,1.0,,,,,,,
keys,,,,,,1.0,,,1.0,1.0,,,
dt,,,,,,1.0,,,,,,,
pll,,,,,,1.0,,,,,,,
ora,,,,,,1.0,,,,,,,
lmnd,,,,,,1.0,,,,,,,
fb,,,,,,1.0,,,,,,,
air,,,,,,1.0,,,,,,,
ui,,,,,,1.0,1.0,,,,,,
stm,,,,,,1.0,,,,,,,
sckt,,,,,,1.0,,,1.0,1.0,,,
asln,,,,,,1.0,,,,,,,
gb,,,,,,,2.0,,,,,,
hp,,,,,,,1.0,1.0,,,,,
ssd,,,,,,,1.0,,,,,,
zm,,,,,,,,1.0,,,,,
sol,,,,,,,,1.0,,,,,
clov,,,,,,,,1.0,,,,,
atr,,,,,,,,1.0,,,2.0,,
bynd,,,,,,,,1.0,2.0,2.0,,,
hd,,,,,,,,1.0,,,,,
c,,,,,,,,1.0,,,,,
bill,,,,,,,,1.0,,,,,
yum,,,,,,,,1.0,,,,,
road,,,,,,,,1.0,,,,,
akba,,,,,,,,,4.0,4.0,,,
fgen,,,,,,,,,3.0,3.0,,,
snp,,,,,,,,,2.0,2.0,,,
vst,,,,,,,,,1.0,1.0,,,
eh,,,,,,,,,1.0,1.0,,,
qfin,,,,,,,,,1.0,1.0,,,
ysg,,,,,,,,,1.0,1.0,,,
raas,,,,,,,,,1.0,1.0,,,
futu,,,,,,,,,1.0,1.0,,,
mvis,,,,,,,,,1.0,1.0,,,
ev,,,,,,,,,1.0,1.0,5.0,,
lixt,,,,,,,,,1.0,1.0,,,
calm,,,,,,,,,1.0,1.0,1.0,,
hpq,,,,,,,,,1.0,1.0,,,
ts,,,,,,,,,1.0,1.0,,,
wkhs,,,,,,,,,1.0,1.0,1.0,,
unit,,,,,,,,,1.0,1.0,,,
fcx,,,,,,,,,1.0,1.0,,,
s,,,,,,,,,1.0,1.0,,,
sbe,,,,,,,,,1.0,1.0,,,
sunw,,,,,,,,,1.0,1.0,,,
etsy,,,,,,,,,1.0,1.0,,,
dada,,,,,,,,,1.0,1.0,,,
yala,,,,,,,,,1.0,1.0,,,
wday,,,,,,,,,1.0,1.0,,,
ftch,,,,,,,,,1.0,1.0,,,
nba,,,,,,,,,,1.0,,,
gluu,,,,,,,,,,,2.0,,
sxtc,,,,,,,,,,,2.0,1.0,
htbx,,,,,,,,,,,2.0,,
auvi,,,,,,,,,,,2.0,,
gt,,,,,,,,,,,1.0,,
kalv,,,,,,,,,,,1.0,,
syta,,,,,,,,,,,1.0,,
aumn,,,,,,,,,,,1.0,,
clf,,,,,,,,,,,1.0,,
li,,,,,,,,,,,1.0,,
lu,,,,,,,,,,,1.0,1.0,
sieb,,,,,,,,,,,1.0,,
tc,,,,,,,,,,,1.0,1.0,
evk,,,,,,,,,,,1.0,1.0,
trx,,,,,,,,,,,1.0,,
qtt,,,,,,,,,,,1.0,1.0,
jfin,,,,,,,,,,,1.0,1.0,
cleu,,,,,,,,,,,1.0,1.0,
cyth,,,,,,,,,,,1.0,,
ygmz,,,,,,,,,,,1.0,1.0,
sum,,,,,,,,,,,1.0,,
laix,,,,,,,,,,,1.0,1.0,
taop,,,,,,,,,,,1.0,1.0,
petz,,,,,,,,,,,1.0,1.0,
cgc,,,,,,,,,,,1.0,,
jrjc,,,,,,,,,,,1.0,1.0,
ekso,,,,,,,,,,,1.0,,
wprt,,,,,,,,,,,1.0,,
caas,,,,,,,,,,,1.0,1.0,
acb,,,,,,,,,,,1.0,,
rare,,,,,,,,,,,1.0,,
hgsh,,,,,,,,,,,1.0,1.0,
k,,,,,,,,,,,1.0,,
wei,,,,,,,,,,,1.0,1.0,
ctk,,,,,,,,,,,1.0,1.0,
ipi,,,,,,,,,,,1.0,,
chci,,,,,,,,,,,1.0,,
bhat,,,,,,,,,,,1.0,1.0,
lung,,,,,,,,,,,1.0,,
ocg,,,,,,,,,,,1.0,1.0,
tedu,,,,,,,,,,,1.0,1.0,
gpl,,,,,,,,,,,1.0,,
peri,,,,,,,,,,,1.0,,
kxin,,,,,,,,,,,1.0,1.0,
wimi,,,,,,,,,,,1.0,1.0,
hmi,,,,,,,,,,,1.0,,
nxpi,,,,,,,,,,,1.0,,
cmcm,,,,,,,,,,,1.0,1.0,
tanh,,,,,,,,,,,1.0,1.0,
aau,,,,,,,,,,,1.0,,
aih,,,,,,,,,,,1.0,1.0,
tkat,,,,,,,,,,,1.0,1.0,
dzsi,,,,,,,,,,,1.0,,
aapl,,,,,,,,,,,1.0,,
seed,,,,,,,,,,,1.0,1.0,
aihs,,,,,,,,,,,1.0,1.0,
kndi,,,,,,,,,,,1.0,,
tal,,,,,,,,,,,1.0,1.0,
nflx,,,,,,,,,,,1.0,,
ship,,,,,,,,,,,1.0,1.0,
nke,,,,,,,,,,,1.0,,
ctb,,,,,,,,,,,1.0,,
nm,,,,,,,,,,,1.0,,
nak,,,,,,,,,,,1.0,,
ccnc,,,,,,,,,,,1.0,1.0,
plin,,,,,,,,,,,1.0,1.0,
uxin,,,,,,,,,,,1.0,1.0,
ccm,,,,,,,,,,,1.0,1.0,
plag,,,,,,,,,,,1.0,1.0,
lxeh,,,,,,,,,,,1.0,1.0,
gsv,,,,,,,,,,,1.0,,
moxc,,,,,,,,,,,1.0,1.0,
mdvl,,,,,,,,,,,1.0,,
