Date,03/15/2021 11:02:04,03/12/2021 11:50:17,03/11/2021 11:50:19,03/10/2021 11:50:25,03/09/2021 11:50:18,03/08/2021 14:54:55,03/06/2021 11:05:15,03/05/2021 11:06:38,03/04/2021 11:04:52,03/01/2021 11:04:54,02/28/2021 11:04:19,02/27/2021 11:05:03,02/26/2021 11:04:16,02/26/2021 10:40:09,02/09/2021 22:33:31,02/08/2021 22:49:23,Unnamed: 1
live,4.0,,,2.0,,,2.0,1.0,4.0,1.0,6.0,4.0,3.0,1.0,5.0,2.0,
ea,3.0,,2.0,,1.0,3.0,,,3.0,,,,4.0,4.0,,,
mtg,2.0,,,,,,,,,,,,,,,,
mac,1.0,,,,,,,,,,,,4.0,4.0,,,
f,1.0,,,,,,,1.0,,,,,,,,,
tmo,1.0,,,,,,,,,,,,,,,,
info,1.0,,1.0,,,1.0,2.0,1.0,,,,,,,,,
pace,1.0,,,,,3.0,,,2.0,1.0,,,,1.0,2.0,,
ramp,1.0,,,,,,,,,,,,,,,,
snap,1.0,,,,,,,,,,,1.0,,,,,
dow,1.0,,,3.0,3.0,1.0,,,,1.0,,,,,,,
turn,1.0,1.0,2.0,2.0,,,1.0,4.0,,,1.0,,,,,,
step,1.0,,,,,1.0,1.0,1.0,,,,,,,,,
rsi,1.0,,,,2.0,2.0,,1.0,,,,,,,,,
tho,1.0,,,,,,,,1.0,,1.0,,,,1.0,,
fat,1.0,,,,,,8.0,,,,,,,,,,
ta,1.0,,,,,,,,,,,,,,,,
met,1.0,,,,,1.0,,,,,,,,,,,
ma,,3.0,,,,,,,1.0,,,,,,,,
ebc,,2.0,,,,,,,,,,,,,,,
gold,,2.0,2.0,7.0,2.0,9.0,2.0,2.0,10.0,7.0,3.0,2.0,7.0,7.0,,,
ll,,2.0,,,,3.0,,,,,,,,,,,
plus,,1.0,,,,,,,,,1.0,,,1.0,,,
u,,1.0,1.0,1.0,,,,,,,,,,,,,
sum,,1.0,,,,,,,,,,,,,,,
cue,,1.0,,,1.0,1.0,,,,,,,,,,,
ares,,1.0,,,,,,,,,,,,,,,
site,,1.0,,,,1.0,1.0,3.0,2.0,,,,,,1.0,,
z,,1.0,,,,1.0,,,,,1.0,2.0,,,,,
pure,,1.0,,,,,,,,,,,,,,,
uk,,1.0,,2.0,,2.0,,3.0,2.0,3.0,1.0,,,,1.0,,
mar,,1.0,,,,,,,,,,,,,,,
hl,,1.0,,,,,,,,,,,,,,,
lh,,1.0,,,,,,,,,,,,,,,
form,,1.0,,1.0,,2.0,1.0,2.0,,2.0,,,,,,,
ofc,,1.0,,,,,,1.0,1.0,,,,,,,,
ebay,,,1.0,,,,,,,,,,,,,,
shop,,,1.0,,,,,,,,,1.0,,1.0,,,
bite,,,1.0,,1.0,1.0,,,,,,,,,,,
aim,,,1.0,,,,,,,,1.0,,,,,,
gdp,,,,3.0,,,,,,1.0,,,,,,,
sono,,,,2.0,,,,,,,,,,,,,
td,,,,1.0,,,,,,,,,,,,,
msci,,,,1.0,1.0,,,,,,,,,,,,
asx,,,,1.0,1.0,,,,,,,,,,,,
wti,,,,1.0,,,,,1.0,1.0,,,,,,,
rose,,,,1.0,,1.0,,,1.0,,,,,,,,
rba,,,,1.0,,,,,,,,,,,,,
loop,,,,1.0,,,,,,,,,,,,,
net,,,,1.0,,,,,,,,,1.0,1.0,,,
tap,,,,1.0,,,1.0,,,,,,,,,,
fix,,,,1.0,,,,,,,1.0,,,,,,
ear,,,,1.0,,,,,,,,,,,,,
self,,,,1.0,,,,,,,,1.0,,,,,
wish,,,,1.0,,,1.0,,1.0,,,,,,,,
peak,,,,,1.0,,,1.0,,1.0,1.0,,,,,,
bill,,,,,1.0,1.0,,,,,1.0,,,,,,
ww,,,,,1.0,1.0,,,,,,,,,,,
ups,,,,,1.0,,,,,,,,,,,,
club,,,,,1.0,,,,,,,,,,,,
mara,,,,,1.0,,,,,,,,,,,,
cuz,,,,,1.0,2.0,,,,,,,,,,,
peg,,,,,,2.0,,,,,,,,,,,
m,,,,,,1.0,,,,,,,,,,,
d,,,,,,1.0,,,,,,,,,,,
t,,,,,,1.0,,,1.0,,,,,,,,
pays,,,,,,1.0,,,,,,,,,1.0,,
rick,,,,,,,9.0,,,,,,,,,,
tony,,,,,,,8.0,,,,,,,,,,
cent,,,,,,,2.0,,,,,,1.0,1.0,,,
land,,,,,,,1.0,,,,,,,,,,
irs,,,,,,,1.0,1.0,,,,,,,,,
mms,,,,,,,1.0,,,,,,,,,,
team,,,,,,,1.0,,,,,,,,,,
calm,,,,,,,1.0,,,,,,,,,,
ai,,,,,,,,2.0,1.0,,,,,,,,
et,,,,,,,,2.0,,,,,,,1.0,,
box,,,,,,,,1.0,,,,,,,,,
pros,,,,,,,,1.0,1.0,,,,,1.0,,,
mini,,,,,,,,1.0,,,,,,,,,
g,,,,,,,,1.0,,,,,,,,,
atr,,,,,,,,,6.0,1.0,,,,,6.0,,
adp,,,,,,,,,2.0,,,,,,,,
mt,,,,,,,,,2.0,,,,,,,,
six,,,,,,,,,2.0,,,,,,1.0,,
adbe,,,,,,,,,1.0,,,,,,,,
amzn,,,,,,,,,1.0,,,,,,,,
googl,,,,,,,,,1.0,,,,,,,,
fast,,,,,,,,,1.0,,1.0,,1.0,1.0,1.0,,
re,,,,,,,,,1.0,,,,,,,,
baba,,,,,,,,,1.0,,,,,,,,
msft,,,,,,,,,1.0,,,,,,,,
st,,,,,,,,,1.0,,,,,,,,
acc,,,,,,,,,,1.0,,,,,,,
leg,,,,,,,,,,1.0,,,,,,,
loan,,,,,,,,,,1.0,,,,,,,
pro,,,,,,,,,,1.0,,,,1.0,,,
ms,,,,,,,,,,,1.0,1.0,,,,,
iq,,,,,,,,,,,1.0,1.0,,,,,
id,,,,,,,,,,,,2.0,,,,,
eyes,,,,,,,,,,,,1.0,,,,,
w,,,,,,,,,,,,1.0,1.0,1.0,,,
edit,,,,,,,,,,,,,3.0,3.0,,,
door,,,,,,,,,,,,,1.0,1.0,,,
ride,,,,,,,,,,,,,1.0,1.0,,,
mlm,,,,,,,,,,,,,1.0,1.0,,,
hr,,,,,,,,,,,,,1.0,1.0,,,
wrap,,,,,,,,,,,,,1.0,1.0,,,
nba,,,,,,,,,,,,,1.0,,,,
csv,,,,,,,,,,,,,1.0,1.0,,,
rrr,,,,,,,,,,,,,1.0,1.0,,,
cool,,,,,,,,,,,,,1.0,1.0,,,
dm,,,,,,,,,,,,,,1.0,,,
pt,,,,,,,,,,,,,,,1.0,,
bb,,,,,,,,,,,,,,,1.0,,
au,,,,,,,,,,,,,,,1.0,,
pine,,,,,,,,,,,,,,,1.0,,
exp,,,,,,,,,,,,,,,1.0,,
glad,,,,,,,,,,,,,,,1.0,,
pm,,,,,,,,,,,,,,,1.0,,
