Date,03/10/2021 11:50:09,03/09/2021 11:50:09,03/08/2021 14:54:45,03/06/2021 11:03:59,03/05/2021 11:04:44,03/04/2021 11:04:01,03/01/2021 11:04:06,02/28/2021 11:03:46,02/27/2021 11:04:04,02/26/2021 11:03:34,02/26/2021 10:39:18,02/09/2021 22:32:43,02/08/2021 22:49:01,Unnamed: 1
argo,5.0,,,,,,,,,,,,,
pe,5.0,,,,1.0,1.0,17.0,15.0,,1.0,1.0,,,
svac,3.0,,,,,,,,,,,,,
net,3.0,3.0,1.0,,13.0,8.0,1.0,,1.0,1.0,1.0,1.0,,
air,3.0,,,,3.0,,,,,,,,,
gme,2.0,,,,,,1.0,,,,2.0,,,
bill,2.0,,,,,1.0,,,,,,,,
step,2.0,,,,,,,,,,,,,
ramp,2.0,,,,,,,,,,,,,
lstr,2.0,,,,,,,,,,,,,
lpl,2.0,,,,,,,,,,,,,
ceo,2.0,,,,9.0,1.0,7.0,2.0,,,,,,
pltr,2.0,,,,3.0,,,,,,,,,
alex,2.0,,,,,,,,,,,,,
flex,2.0,,,,,,3.0,,,,,,,
jbht,2.0,2.0,,,,,,,,,,,,
aapl,1.0,2.0,,,,1.0,2.0,1.0,,,,,,
site,1.0,,,,,1.0,,,,1.0,,,,
rblx,1.0,,,1.0,,,,,,,,,,
dd,1.0,6.0,3.0,2.0,8.0,8.0,4.0,1.0,,2.0,2.0,,,
upwk,1.0,,,,,,,,,,,,,
intl,1.0,,,,,,,,,,,,,
hpq,1.0,,,,,,,,,,,,,
crsr,1.0,,,,1.0,,2.0,,,,,,,
logi,1.0,,,,,,,,,,,,,
plt,1.0,,,,,,,,,,,,,
ps,1.0,,,,,,,,,,,,,
fast,1.0,,,2.0,1.0,,1.0,,1.0,1.0,1.0,,,
cold,1.0,,,,1.0,,,,,,,,,
edit,1.0,,,,,,2.0,2.0,,,,,,
wmt,1.0,,,,,,,,,,,,,
club,1.0,,,,2.0,2.0,,,,,,,,
w,1.0,,,,,,,,,,,,,
rail,1.0,,,,,,,,1.0,1.0,1.0,,,
land,1.0,,,,,1.0,,1.0,1.0,2.0,2.0,1.0,,
mara,1.0,,,,,,,,,,,,,
farm,1.0,,,,,,,,,,,,,
turn,1.0,,,,1.0,1.0,,1.0,,1.0,1.0,1.0,1.0,
t,1.0,,,1.0,,,,,,1.0,1.0,,,
shop,1.0,,,,,,,,,,,,,
eqix,1.0,,,,,,,,,,,,,
dlr,1.0,,,,,,,,,,,,,
pays,1.0,,,,1.0,3.0,,,1.0,,,,,
race,1.0,,,,,,,1.0,,,,,,
onto,1.0,,,,1.0,,,,,,,,1.0,
team,1.0,,1.0,1.0,,,,,,,,,,
ovv,1.0,,,,,,,,,,,,,
amc,1.0,,,,,,,,,1.0,1.0,,,
eric,1.0,1.0,,,,,,,,,,,,
k,1.0,1.0,,,,,1.0,,,,,,,
peg,1.0,1.0,,,,,,,,,,,,
fn,,6.0,,,,,,,,,,,,
rm,,3.0,,,,,,,,,,,,
live,,3.0,,,1.0,2.0,2.0,1.0,1.0,,,2.0,1.0,
plus,,3.0,3.0,1.0,,,2.0,1.0,1.0,1.0,1.0,,,
grub,,2.0,2.0,,,,,,,,,,,
actc,,1.0,,,,,,,,,,,,
id,,1.0,,,,,,,,,,,,
ai,,1.0,1.0,,1.0,,,,,,,,,
e,,1.0,,,,,,,,,,,,
coli,,1.0,,,,,,,,,,,,
mass,,1.0,,1.0,,,1.0,,,,,,,
iii,,1.0,,,,,2.0,,,,,,,
fcf,,1.0,,,,,,,,,,,,
o,,1.0,1.0,,,,,,,,,,,
mrna,,1.0,1.0,,,,7.0,,,,,,,
b,,1.0,2.0,,,,,,,,,,,
self,,1.0,,,1.0,1.0,1.0,1.0,1.0,,,,,
door,,1.0,2.0,,,1.0,,,,,,,,
ups,,1.0,1.0,1.0,,,,,,,,,,
ev,,,5.0,,,1.0,1.0,,1.0,1.0,1.0,9.0,,
roku,,,2.0,,,,,,,,,,,
bb,,,2.0,,,,,,,1.0,1.0,,,
ltm,,,2.0,,,,,,,,,,,
crm,,,1.0,,,,,,,,,,,
msft,,,1.0,,,,2.0,2.0,,,,,,
ice,,,1.0,,,,,,,,,,,
f,,,1.0,,,,,,,,,,,
gen,,,1.0,,,,,,,,,,,
hr,,,1.0,,,,,,,,,,,
tsla,,,1.0,2.0,1.0,1.0,,,1.0,,,1.0,,
m,,,1.0,,,,,,,,,,,
tv,,,1.0,,,,,,,,,,,
bep,,,,7.0,,,,,,,,,,
ship,,,,3.0,,,1.0,,1.0,,,,,
rsi,,,,3.0,3.0,,,,,,,,,
apph,,,,2.0,,,,,,,,,,
dnn,,,,1.0,,,,,,,,,,
san,,,,1.0,,,,,1.0,,,,,
ctrm,,,,1.0,,,,,,,,,,
htoo,,,,1.0,1.0,,,,,,,,,
dsx,,,,1.0,,,,,,,,,,
rose,,,,1.0,2.0,,,,,,,,,
six,,,,1.0,1.0,,,,,,,,1.0,
nyt,,,,1.0,,,,,,,,,,
boom,,,,1.0,1.0,1.0,,,,1.0,1.0,1.0,,
sblk,,,,1.0,,,,,,,,,,
zim,,,,1.0,,,,,,,,,,
dac,,,,1.0,,,,,,,,,,
spot,,,,1.0,1.0,,,1.0,,,,,,
tops,,,,1.0,,,,,,,,,,
kim,,,,1.0,,,,,,,,,,
insw,,,,1.0,,,,,,,,,,
nee,,,,1.0,,,,,,,,,,
ash,,,,1.0,,,,,,,,,,
gnk,,,,1.0,,,,,,,,,,
east,,,,1.0,1.0,,,,,,,,,
saia,,,,1.0,,,,,,,,,,
dow,,,,1.0,,,,,,,,,,
pace,,,,1.0,,,,1.0,,1.0,1.0,,,
sb,,,,1.0,,,,,,,,,,
coo,,,,1.0,2.0,,,,,,,,,
aso,,,,,12.0,,,,,,,,,
uk,,,,,7.0,1.0,,,,,,,,
mx,,,,,5.0,,,,,,,,,
hims,,,,,4.0,4.0,,,,,,,,
irs,,,,,4.0,,,,,,,,,
gm,,,,,3.0,,,,,,,1.0,,
nio,,,,,3.0,,,,,,,,,
ken,,,,,3.0,,,,,,,,,
byd,,,,,3.0,,,,,,,,,
ugi,,,,,2.0,,,,,,,,,
oln,,,,,2.0,,,,,,,,,
ge,,,,,2.0,,,,,,,,,
et,,,,,2.0,1.0,1.0,,,,,,,
abb,,,,,2.0,,,,,,,,,
uhal,,,,,2.0,,,,,,,,,
oxy,,,,,2.0,,,,,,,,,
oled,,,,,2.0,,,,,,,,,
wash,,,,,1.0,,,,,,,1.0,,
imo,,,,,1.0,2.0,,1.0,,,,,,
ttm,,,,,1.0,,2.0,3.0,1.0,,,,,
maxn,,,,,1.0,,,,,,,,,
loan,,,,,1.0,2.0,,,3.0,,,,,
csiq,,,,,1.0,,,,,,,,,
eyes,,,,,1.0,,,,1.0,1.0,1.0,,,
fly,,,,,1.0,1.0,,,,,,1.0,,
amd,,,,,1.0,,,,,2.0,2.0,,,
bj,,,,,1.0,1.0,,,,,,,,
jks,,,,,1.0,,,,,,,,,
met,,,,,1.0,,1.0,,,,,,,
jack,,,,,1.0,,,,,,,,,
mtbc,,,,,1.0,,,,1.0,,,,,
kkr,,,,,1.0,,,,,,,,,
cool,,,,,1.0,,,,,1.0,1.0,,,
box,,,,,1.0,,1.0,,,,,1.0,,
c,,,,,1.0,,,,,,,,,
wpm,,,,,1.0,,,,,,,,,
ride,,,,,1.0,1.0,1.0,,,,,,,
twin,,,,,1.0,,,,,,,,,
hsbc,,,,,1.0,,,,,,,,,
aim,,,,,1.0,,,1.0,1.0,,,,,
r,,,,,1.0,,,,,,,,,
nine,,,,,1.0,,,1.0,,,,,,
v,,,,,1.0,,1.0,1.0,,,,,,
pets,,,,,1.0,,,,,,,,,
nue,,,,,,6.0,,,,,,,,
arc,,,,,,4.0,,,,,,,,
okta,,,,,,4.0,,,,,,,,
atsg,,,,,,3.0,,,,,,,,
stld,,,,,,3.0,,,,,,,,
gh,,,,,,2.0,,,,,,,,
stag,,,,,,2.0,,,,,,,,
uwmc,,,,,,2.0,,,,,,,,
cme,,,,,,2.0,,,,,,,,
oscr,,,,,,2.0,,,,,,,,
co,,,,,,1.0,,1.0,,1.0,1.0,,,
gold,,,,,,1.0,,,1.0,12.0,12.0,2.0,,
hffg,,,,,,1.0,,,,,,,,
skt,,,,,,1.0,,,,,,,,
aug,,,,,,1.0,,,,,,,,
clf,,,,,,1.0,,,,,,,,
rev,,,,,,1.0,,,,,,,,
pure,,,,,,1.0,,,,,,,,
gil,,,,,,1.0,,,,,,,,
bmbl,,,,,,1.0,,,,,,,,
jp,,,,,,1.0,,,,,,,,
nov,,,,,,1.0,,,,,,,,
td,,,,,,1.0,,,,,,,,
pool,,,,,,1.0,,,,,,,,
band,,,,,,1.0,,,,,,,,
orgs,,,,,,1.0,,,,,,,,
road,,,,,,1.0,1.0,,3.0,2.0,2.0,,,
uthr,,,,,,,3.0,,,,,,,
geo,,,,,,,3.0,,,,,,,
hd,,,,,,,2.0,,,,,,,
amzn,,,,,,,2.0,,,,,,,
nvda,,,,,,,2.0,,1.0,1.0,1.0,,,
afrm,,,,,,,2.0,,,,,,,
lm,,,,,,,2.0,,,,,,,
man,,,,,,,2.0,,,,,,,
bntx,,,,,,,2.0,,,,,,,
rare,,,,,,,2.0,,,,,,,
fang,,,,,,,2.0,2.0,,,,,,
wba,,,,,,,1.0,1.0,,,,,,
atom,,,,,,,1.0,,,,,,,
lin,,,,,,,1.0,,,,,,,
lung,,,,,,,1.0,,,,,,,
dish,,,,,,,1.0,,,,,,,
mojo,,,,,,,1.0,,,,,,,
pt,,,,,,,1.0,,,1.0,1.0,,,
wow,,,,,,,1.0,,,,,,,
camp,,,,,,,1.0,1.0,,,,,,
cue,,,,,,,1.0,,,,,,,
dxcm,,,,,,,1.0,,,,,,,
sens,,,,,,,1.0,,,,,,,
mod,,,,,,,1.0,1.0,,,,,,
ipod,,,,,,,1.0,1.0,,,,,,
ross,,,,,,,1.0,,,,,,,
nflx,,,,,,,1.0,1.0,,,,,,
calm,,,,,,,1.0,,,,,,,
form,,,,,,,1.0,1.0,,,,,1.0,
pypl,,,,,,,1.0,1.0,,,,,,
rock,,,,,,,1.0,2.0,,,,,,
cent,,,,,,,1.0,,,,,,,
peak,,,,,,,1.0,1.0,2.0,,,,,
ibkr,,,,,,,1.0,,,,,,,
cciv,,,,,,,1.0,,,,,,,
fi,,,,,,,1.0,,,,,,,
grin,,,,,,,1.0,,,,,,,
info,,,,,,,1.0,,,,,,,
roic,,,,,,,1.0,,,,,,,
abbv,,,,,,,1.0,1.0,,1.0,1.0,,,
j,,,,,,,1.0,,,,,,,
un,,,,,,,1.0,,,,,,,
bkng,,,,,,,1.0,,,,,,,
expe,,,,,,,1.0,,,,,,,
clvr,,,,,,,,4.0,,,,,,
apha,,,,,,,,2.0,,,,,,
mgni,,,,,,,,1.0,1.0,,,,,
pine,,,,,,,,1.0,,,,,,
khc,,,,,,,,1.0,,,,,,
ads,,,,,,,,1.0,1.0,,,,,
dare,,,,,,,,1.0,,,,,,
pubm,,,,,,,,1.0,1.0,,,,,
tlry,,,,,,,,1.0,,,,,,
d,,,,,,,,1.0,,,,,,
mlm,,,,,,,,1.0,,,,,,
era,,,,,,,,1.0,,,,,,
z,,,,,,,,1.0,1.0,,,,,
jpm,,,,,,,,,3.0,,,,,
immr,,,,,,,,,3.0,,,,,
luna,,,,,,,,,1.0,,,,,
ctas,,,,,,,,,1.0,,,,,
oas,,,,,,,,,1.0,,,,,
hy,,,,,,,,,1.0,,,,,
sos,,,,,,,,,1.0,,,,,
ccs,,,,,,,,,1.0,,,,,
acmr,,,,,,,,,1.0,,,,,
ccc,,,,,,,,,1.0,,,,,
intc,,,,,,,,,,11.0,11.0,,,
rkt,,,,,,,,,,4.0,4.0,,,
nm,,,,,,,,,,3.0,3.0,,,
ebay,,,,,,,,,,3.0,3.0,,,
cc,,,,,,,,,,2.0,2.0,,,
dash,,,,,,,,,,2.0,2.0,,,
unit,,,,,,,,,,2.0,2.0,,,
mini,,,,,,,,,,1.0,1.0,,,
tap,,,,,,,,,,1.0,1.0,,,
ed,,,,,,,,,,1.0,1.0,,,
slam,,,,,,,,,,1.0,1.0,,,
wrap,,,,,,,,,,1.0,1.0,,,
neo,,,,,,,,,,1.0,1.0,,,
gdp,,,,,,,,,,1.0,1.0,,,
bigc,,,,,,,,,,1.0,1.0,,,
rh,,,,,,,,,,1.0,1.0,,,
mmm,,,,,,,,,,1.0,1.0,,,
joe,,,,,,,,,,1.0,1.0,,,
st,,,,,,,,,,1.0,1.0,,,
jd,,,,,,,,,,1.0,1.0,,,
ko,,,,,,,,,,1.0,1.0,,,
exp,,,,,,,,,,1.0,1.0,,,
nba,,,,,,,,,,,1.0,,,
xspa,,,,,,,,,,,,1.0,,
sum,,,,,,,,,,,,1.0,,
wkhs,,,,,,,,,,,,1.0,,
vxrt,,,,,,,,,,,,,1.0,
pack,,,,,,,,,,,,,1.0,
