Date,03/15/2021 11:02:25,03/12/2021 11:50:36,03/11/2021 11:50:41,03/10/2021 11:50:48,03/09/2021 11:50:39,03/08/2021 14:55:17,03/06/2021 11:07:03,03/05/2021 11:07:53,03/04/2021 11:06:02,03/01/2021 11:06:04,02/28/2021 11:04:55,02/27/2021 11:06:20,02/26/2021 11:05:30,02/26/2021 10:41:19,02/09/2021 22:34:41,02/08/2021 22:50:07,Unnamed: 1
baba,2.0,,,,,,,,,,,,,,,,
sos,2.0,,,,,,,,,,,,,,,,
era,1.0,,,,,,,,,1.0,,,,,,,
ta,1.0,,,,,,,,,,,,,,,,
reed,1.0,,,,,,,,,,,,,,,,
exp,1.0,,1.0,,,,,,,,,,,,,,
eyes,1.0,,,,,,,,,,,,,,1.0,,
plus,,1.0,1.0,,,,,,,,,,,,,,
frc,,1.0,1.0,,,,,,,,,,,,,,
sri,,1.0,,,,,,,,,,,,,,,
fast,,1.0,,,,,,,,1.0,,,,,1.0,,
iq,,1.0,,,,,,,,,,,,,,,
pure,,1.0,,,,,,,,,,,,,,,
pro,,1.0,,,,4.0,,,,,,,,,,,
air,,1.0,,,,,,,,,,,,,,,
team,,1.0,,,,,1.0,,,,,,,,,,
rbc,,1.0,,,,,,,,,,,,,,,
amc,,1.0,,,,,1.0,,,2.0,1.0,,1.0,1.0,,,
dd,,1.0,3.0,5.0,,,,,2.0,,,,,,2.0,,
peak,,1.0,,,,,,,,,,,,,1.0,,
site,,1.0,,,,1.0,3.0,3.0,,1.0,,,,,,,
bb,,1.0,1.0,,,,1.0,1.0,,1.0,,,,,,,
pe,,,5.0,,,,,,,,,,,,,,
jd,,,3.0,,,,,,,,,,,,,,
al,,,3.0,,,,,,,,,,,,,,
tlry,,,3.0,3.0,,,1.0,1.0,,2.0,,,1.0,1.0,,,
rblx,,,2.0,3.0,,,,,,,,,,,,,
coty,,,2.0,2.0,,,2.0,2.0,,2.0,,,1.0,1.0,,,
jg,,,2.0,2.0,,,1.0,1.0,,1.0,,,1.0,1.0,,,
nio,,,2.0,2.0,,,2.0,3.0,,3.0,,,,,,,
ebay,,,1.0,,,,,,,,,,,,,,
goog,,,1.0,,,,,,,,,,,,,,
et,,,1.0,,,,,,,,,,,,,,
net,,,1.0,,,,,,,,,,,,,,
td,,,1.0,,,,,,,,,,,,,,
tmus,,,1.0,,,,,,,,,,,,,,
sm,,,1.0,,,,,,,,,,,,,,
mr,,,1.0,,,,,,,,,,,,,,
cron,,,1.0,1.0,,,,,,,,,,,,,
jblu,,,1.0,1.0,,,1.0,1.0,,,,,,,,,
tsla,,,1.0,1.0,,1.0,1.0,1.0,,1.0,,,,,,,
twtr,,,1.0,1.0,,,1.0,1.0,1.0,1.0,,,,,,,
dis,,,1.0,1.0,,,,,,,,,1.0,1.0,,,
gogo,,,1.0,1.0,,,1.0,1.0,,,,,,,,,
info,,,1.0,1.0,1.0,1.0,,,,,,,,,,,
mara,,,,1.0,1.0,,1.0,1.0,,,,,,,,,
boom,,,,1.0,,,,,,,,,1.0,1.0,,,
lyft,,,,1.0,,,,,,,,,,,,,
uber,,,,1.0,,,,,,,,,,,,,
live,,,,1.0,,1.0,,,1.0,2.0,,,,,1.0,,
roku,,,,1.0,,,,,,,,,,,,,
rsi,,,,1.0,,2.0,,,1.0,,,4.0,,,7.0,,
met,,,,1.0,,,,,,,,,,,,,
spot,,,,1.0,,,,,,,1.0,1.0,,,,2.0,
hr,,,,1.0,2.0,,,,,,,,,,,,
gold,,,,,4.0,4.0,,,,,,,,,1.0,,
fcel,,,,,2.0,,,,,,,,,,,,
qs,,,,,2.0,,,,,,,,,,,,
ibkr,,,,,1.0,1.0,,,,,,1.0,1.0,1.0,,,
fro,,,,,1.0,,,,,,,,,,,,
pace,,,,,1.0,,,,,1.0,,,,,,,
ev,,,,,1.0,,,,,,,,,,,,
ai,,,,,,1.0,,,,,,,,,,,
turn,,,,,,1.0,,,,,,,,,4.0,,
aapl,,,,,,1.0,,,,,,,,,,,
w,,,,,,1.0,,,,,,,,,,,
east,,,,,,1.0,,,,,,,,,,,
uk,,,,,,1.0,,,,3.0,3.0,1.0,1.0,1.0,1.0,,
calm,,,,,,1.0,,,,,,,,,,,
fb,,,,,,,3.0,,,,,,,,,,
o,,,,,,,3.0,,,1.0,,,,,,,
dow,,,,,,,3.0,3.0,,,,1.0,1.0,1.0,,,
gme,,,,,,,2.0,1.0,,,1.0,1.0,,,,,
inse,,,,,,,2.0,,,,,,,,,,
step,,,,,,,2.0,2.0,,,,,,,,,
grwg,,,,,,,1.0,1.0,,,,,,,,,
ip,,,,,,,1.0,,,,,,,,1.0,,
bngo,,,,,,,1.0,,,,,,,,,,
ship,,,,,,,1.0,,,,,,1.0,1.0,,,
bud,,,,,,,1.0,1.0,,,,,,,,,
snap,,,,,,,1.0,1.0,,1.0,,,1.0,1.0,,,
msft,,,,,,,1.0,,,,,,,,,,
hyln,,,,,,,1.0,1.0,,,,,,,,,
u,,,,,,,1.0,,1.0,,,,,,,,
msci,,,,,,,,1.0,1.0,,,,,,,,
lung,,,,,,,,1.0,,,,,,,,,
abc,,,,,,,,1.0,,,,,,,,,
fubo,,,,,,,,1.0,,,,,,,,,
rba,,,,,,,,1.0,1.0,,,,,,,,
sndl,,,,,,,,,6.0,,,,,,,,
ceo,,,,,,,,,3.0,,1.0,,,,,,
c,,,,,,,,,1.0,,,1.0,,,,,
wish,,,,,,,,,1.0,,,,,,,,
tho,,,,,,,,,1.0,,,,,,,,
t,,,,,,,,,1.0,,,,,,,,
pm,,,,,,,,,1.0,,,,,,1.0,,
apt,,,,,,,,,,1.0,,,,,,,
nyc,,,,,,,,,,1.0,,,,,,,
rh,,,,,,,,,,1.0,,,,,,,
cgc,,,,,,,,,,1.0,,,,,,,
ftch,,,,,,,,,,1.0,,,,,,,
box,,,,,,,,,,1.0,,,,,,,
plug,,,,,,,,,,1.0,,,,,,,
aal,,,,,,,,,,1.0,,,,,,,
dltr,,,,,,,,,,1.0,,,,,,,
enph,,,,,,,,,,,3.0,,,,,,
anet,,,,,,,,,,,1.0,,,,,,
cuz,,,,,,,,,,,1.0,,,,,,
sum,,,,,,,,,,,,1.0,1.0,1.0,,,
z,,,,,,,,,,,,1.0,,,,,
d,,,,,,,,,,,,1.0,,,2.0,,
hdsn,,,,,,,,,,,,,1.0,1.0,,,
pays,,,,,,,,,,,,,1.0,1.0,,,
laix,,,,,,,,,,,,,1.0,1.0,,,
med,,,,,,,,,,,,,,,2.0,,
k,,,,,,,,,,,,,,,2.0,,
wash,,,,,,,,,,,,,,,1.0,1.0,
gmbl,,,,,,,,,,,,,,,1.0,,
nke,,,,,,,,,,,,,,,1.0,,
bhtg,,,,,,,,,,,,,,,1.0,,
form,,,,,,,,,,,,,,,1.0,,
srrk,,,,,,,,,,,,,,,1.0,,
sand,,,,,,,,,,,,,,,1.0,,
cdak,,,,,,,,,,,,,,,1.0,,
