Date,03/12/2021 11:50:41,03/11/2021 11:51:18,03/10/2021 11:50:54,03/09/2021 11:50:46,03/08/2021 14:55:23,03/06/2021 11:07:22,03/05/2021 11:08:20,03/04/2021 11:06:20,03/01/2021 11:06:21,02/28/2021 11:05:19,02/27/2021 11:06:45,02/26/2021 11:05:48,02/26/2021 10:41:38,02/09/2021 22:35:00,02/08/2021 22:50:23,Unnamed: 1
ugro,7.0,7,,,,,,,,,,,,,,
slab,2.0,2,1.0,1.0,1.0,,,,,,,,,,,
npa,2.0,4,,,,,,,,,,,,,,
net,1.0,8,,,,,2.0,2.0,,,,,,,,
pure,1.0,1,,,,,,,,,,,,,,
cake,1.0,1,,,,,,,,,,,,,,
pe,1.0,9,,,,,,,,1.0,,,,,,
turn,1.0,2,1.0,1.0,1.0,,,,,,,,,,,
cent,1.0,2,,,,1.0,,,,,,,,,,
par,1.0,2,,,,,,1.0,,,,,,,,
plus,1.0,6,1.0,1.0,1.0,,,1.0,1.0,1.0,1.0,1.0,1.0,,,
rs,1.0,15,4.0,4.0,4.0,,1.0,,1.0,,,1.0,1.0,,,
psa,1.0,2,,,,1.0,1.0,,,,,,,,,
form,1.0,10,2.0,1.0,1.0,1.0,1.0,,3.0,2.0,,2.0,1.0,1.0,1.0,
sum,1.0,11,2.0,2.0,1.0,,1.0,1.0,,,,,,,,
nav,,21,1.0,1.0,,,,4.0,4.0,5.0,5.0,,,,,
gold,,16,,,,5.0,6.0,,,,,,,,,
b,,15,,,,,,,,,,2.0,,9.0,,
amc,,13,,,4.0,,,,,2.0,2.0,,,2.0,,
loan,,11,,,,,,,,,,,,3.0,3.0,
c,,9,,,,,,,,,,3.0,,5.0,,
pfc,,8,,,,,,,,,,,,,,
cr,,8,4.0,4.0,4.0,,,,,,,,,,,
unit,,5,1.0,1.0,,,,,,,,,,1.0,1.0,
live,,5,3.0,3.0,3.0,,,,,,,,,,,
edit,,5,,,1.0,,,,,,1.0,1.0,1.0,1.0,,
ui,,5,,,,,,,4.0,,,1.0,1.0,,,
uti,,4,,,,,,,,,,,,,,
step,,4,3.0,3.0,3.0,,,,,,,,,,,
fds,,4,2.0,2.0,2.0,1.0,,,,1.0,,,,,,
r,,4,,,,2.0,2.0,,,2.0,2.0,,,,,
mar,,4,,,,,,,1.0,,,,,,,
team,,4,,,,,,,,,,2.0,2.0,,,
api,,3,,2.0,2.0,,,,,,,,,,,
kids,,3,,,,,,,2.0,2.0,,,,,,
gtt,,3,,,,,,,,,,,,,,
site,,3,2.0,2.0,1.0,1.0,1.0,,,,,,,,,
tds,,3,2.0,2.0,2.0,,,,,,,,,,,
pro,,3,,,,,,,,,,2.0,2.0,,,
land,,3,,,,,,,,,,,,,,
lac,,3,,,,,,,,,,,,,,
ed,,2,,,,,2.0,2.0,,,,,,,,
tri,,2,,,,,,,,1.0,,,,,,
gdp,,2,,,,,,,,,1.0,1.0,1.0,,,
gilt,,2,,,,,,,,,,,,,,
s,,2,,,,,,,1.0,,,,,,,
sc,,2,,,,,1.0,,,,,,,,,
mr,,2,2.0,2.0,2.0,,,,,,,,,,,
club,,2,2.0,2.0,2.0,,,,,,,,,,,
u,,2,1.0,1.0,1.0,,,,,,,,,,,
bill,,2,1.0,1.0,1.0,,,,,,,,,,,
ter,,2,,,,,1.0,2.0,,,,,,,,
fix,,2,,,,,1.0,1.0,,,,,,,,
stt,,2,,,,,,2.0,,,,,,,,
fast,,2,,,,,,,1.0,,,1.0,1.0,,,
info,,2,,,,,,,1.0,1.0,,,,,,
peak,,2,,,,,,,,1.0,1.0,,,,,
dd,,2,,,,,,,,,,2.0,2.0,,,
tse,,2,,,,,,,,,,2.0,2.0,,,
mo,,2,,,,,,,,,,,,,,
g,,2,,,,,,,,,,,,,,
uk,,2,,,,,,,,,,,,,,
pool,,2,,,,,,,,,,,,,,
mor,,2,,,,,,,,,,,,,,
ay,,1,1.0,1.0,,,,,,,,,,,,
trip,,1,1.0,1.0,1.0,,,,,,,,,,,
aug,,1,1.0,1.0,1.0,,,,,,,,,,,
l,,1,1.0,1.0,1.0,,,,,,,,,,,
ego,,1,1.0,1.0,1.0,,,,,,,,,,,
ceo,,1,1.0,1.0,1.0,,,,,,,,,,,
ach,,1,1.0,1.0,1.0,,,,,,,,,,,
camp,,1,1.0,1.0,1.0,,,,,,,,,,,
id,,1,,,,1.0,1.0,,,,,,,,,
cs,,1,,,,1.0,1.0,,,,,,,,,
hni,,1,,,,,1.0,,,,,,,,,
uan,,1,,,,,1.0,,,,,,,,,
esp,,1,,,,,1.0,1.0,,,,,,,,
wish,,1,,,,,1.0,1.0,,,,,,,,
wing,,1,,,,,1.0,1.0,,,,,,,,
cio,,1,,,,,1.0,1.0,,,,,,,,
txn,,1,,,,,,1.0,,,,,,,,
tap,,1,,,,,,1.0,,,,,,,,
icon,,1,,,,,,1.0,,,,,,,,
vc,,1,,,,,,,1.0,,,,,,,
db,,1,,,,,,,,,,,,,,
eh,,1,,,,,,,,,,,,,,
pays,,1,,,,,,,,1.0,,,,,,
td,,1,,,,,,,,,1.0,1.0,1.0,,,
self,,1,,,,,,,,,,1.0,1.0,,,
intl,,1,,,,,,,,,,1.0,1.0,,,
apt,,1,,,,,,,,,,1.0,1.0,,,
sid,,1,,,,,,,,,,,,,,
ssy,,1,,,,,,,,,,,,,,
cmp,,1,,,,,,,,,,,,,,
leat,,1,,,,,,,,,,,,,,
uber,,1,,,,,,,,,,,,,,
wow,,1,,,,,,,,,,,,,,
nat,,1,,,,,,,,,,,,,,
snp,,1,,,,,,,,,,,,,,
joe,,1,,,,,,,,,,,,,,
rev,,1,,,,,,,,,,,,,,
mass,,1,,,,,,,,,,,,,,
se,,1,,,,,,,,,,,,,,
nov,,1,,,,,,,,,,,,,,
loop,,1,,,,,,,,,,,,,,
pru,,1,,,,,,,,,,,,1.0,,
dsp,,1,,,,,,,,,,,,1.0,,
ms,,1,,,,,,,,,,,,,,
nine,,1,,,,,,,,,,,,,,
d,,1,,,,,,,,,,,,,,
e,,1,,,,,,,,,,,,,,
f,,1,,,,,,,,,,,,,,
rose,,1,,,,,,,,,,,,,,
rhp,,1,,,,,,,,,,,,,,
re,,1,,,,,,,,,,,,,,
six,,1,,,,,,,,,,,,,,
apr,,1,,,,,,,,,,,,,,
geo,,1,,,,,,,,,,,,,,
